{
    "$schema": "https://schema.management.azure.com/schemas/2019-04-01/deploymentTemplate.json#",
    "contentVersion": "1.0.0.0",
    "parameters": {
        "extensions_Microsoft_Insights_VMDiagnosticsSettings_xmlCfg": {
            "type": "SecureString"
        },
        "extensions_Microsoft_Insights_VMDiagnosticsSettings_storageAccountName": {
            "type": "SecureString"
        },
        "extensions_Microsoft_Insights_VMDiagnosticsSettings_storageAccountKey": {
            "type": "SecureString"
        },
        "extensions_Microsoft_Insights_VMDiagnosticsSettings_storageAccountEndPoint": {
            "type": "SecureString"
        },
        "virtualMachines_Web01_name": {
            "defaultValue": "Web01",
            "type": "String"
        },
        "disks_Web01_disk1_961cc2ad7ff440dd8e2100b68f249f5d_externalid": {
            "defaultValue": "/subscriptions/c4042fbf-5216-4c6f-b9b3-355da9b11302/resourceGroups/Lab01_East_Us/providers/Microsoft.Compute/disks/Web01_disk1_961cc2ad7ff440dd8e2100b68f249f5d",
            "type": "String"
        },
        "networkInterfaces_web0151_externalid": {
            "defaultValue": "/subscriptions/c4042fbf-5216-4c6f-b9b3-355da9b11302/resourceGroups/Lab01_East_Us/providers/Microsoft.Network/networkInterfaces/web0151",
            "type": "String"
        }
    },
    "variables": {},
    "resources": [
        {
            "type": "Microsoft.Compute/virtualMachines",
            "apiVersion": "2022-03-01",
            "name": "[parameters('virtualMachines_Web01_name')]",
            "location": "eastus",
            "tags": {
                "VM": "01"
            },
            "properties": {
                "hardwareProfile": {
                    "vmSize": "Standard_DS1_v2"
                },
                "storageProfile": {
                    "imageReference": {
                        "publisher": "MicrosoftWindowsServer",
                        "offer": "WindowsServer",
                        "sku": "2019-datacenter-gensecond",
                        "version": "latest"
                    },
                    "osDisk": {
                        "osType": "Windows",
                        "name": "[concat(parameters('virtualMachines_Web01_name'), '_disk1_961cc2ad7ff440dd8e2100b68f249f5d')]",
                        "createOption": "FromImage",
                        "caching": "ReadWrite",
                        "managedDisk": {
                            "id": "[parameters('disks_Web01_disk1_961cc2ad7ff440dd8e2100b68f249f5d_externalid')]"
                        },
                        "deleteOption": "Delete"
                    },
                    "dataDisks": []
                },
                "osProfile": {
                    "computerName": "[parameters('virtualMachines_Web01_name')]",
                    "adminUsername": "[parameters('virtualMachines_Web01_name')]",
                    "windowsConfiguration": {
                        "provisionVMAgent": true,
                        "enableAutomaticUpdates": true,
                        "patchSettings": {
                            "patchMode": "AutomaticByOS",
                            "assessmentMode": "ImageDefault",
                            "enableHotpatching": false
                        }
                    },
                    "secrets": [],
                    "allowExtensionOperations": true,
                    "requireGuestProvisionSignal": true
                },
                "networkProfile": {
                    "networkInterfaces": [
                        {
                            "id": "[parameters('networkInterfaces_web0151_externalid')]",
                            "properties": {
                                "deleteOption": "Detach"
                            }
                        }
                    ]
                },
                "diagnosticsProfile": {
                    "bootDiagnostics": {
                        "enabled": true
                    }
                }
            }
        },
        {
            "type": "Microsoft.Compute/virtualMachines/extensions",
            "apiVersion": "2022-03-01",
            "name": "[concat(parameters('virtualMachines_Web01_name'), '/Microsoft.Insights.VMDiagnosticsSettings')]",
            "location": "eastus",
            "dependsOn": [
                "[resourceId('Microsoft.Compute/virtualMachines', parameters('virtualMachines_Web01_name'))]"
            ],
            "tags": {
                "VM": "01"
            },
            "properties": {
                "autoUpgradeMinorVersion": true,
                "publisher": "Microsoft.Azure.Diagnostics",
                "type": "IaaSDiagnostics",
                "typeHandlerVersion": "1.5",
                "settings": {
                    "StorageAccount": "lab01eastusdiag",
                    "xmlCfg": "[parameters('extensions_Microsoft_Insights_VMDiagnosticsSettings_xmlCfg')]"
                },
                "protectedSettings": {
                    "storageAccountName": "[parameters('extensions_Microsoft_Insights_VMDiagnosticsSettings_storageAccountName')]",
                    "storageAccountKey": "[parameters('extensions_Microsoft_Insights_VMDiagnosticsSettings_storageAccountKey')]",
                    "storageAccountEndPoint": "[parameters('extensions_Microsoft_Insights_VMDiagnosticsSettings_storageAccountEndPoint')]"
                }
            }
        }
    ]
}